{
  "month": "2025-10",
  "timestamp": "2025-10-15T18:34:46.734040",
  "sample_size": 202,
  "score_distribution": {
    "mean": 43.9695608828065,
    "median": 42.79549722580596,
    "stdev": 24.53130962278117,
    "min": 2.8104357007058214,
    "max": 111.94613984940419,
    "count": 202
  },
  "recommendation_distribution": {
    "HOLD": 87,
    "BUY": 16,
    "SELL": 72,
    "STRONG_BUY": 27
  },
  "sector_distribution": {
    "전기전자": 25,
    "제약": 9,
    "기타": 33,
    "운송장비": 15,
    "금융": 47,
    "IT": 11,
    "유통": 13,
    "철강/화학": 31,
    "유틸리티": 2,
    "운송": 6,
    "통신": 3,
    "건설": 7
  },
  "sector_avg_scores": {
    "전기전자": {
      "count": 25,
      "mean": 31.804222518778175,
      "median": 30.035045177173103
    },
    "제약": {
      "count": 9,
      "mean": 27.648028292648227,
      "median": 24.159634340192014
    },
    "기타": {
      "count": 33,
      "mean": 46.6460531387995,
      "median": 47.24998839907193
    },
    "운송장비": {
      "count": 15,
      "mean": 49.51210625555954,
      "median": 43.42119316398382
    },
    "금융": {
      "count": 47,
      "mean": 51.345684113439184,
      "median": 47.119660858697856
    },
    "IT": {
      "count": 11,
      "mean": 46.90603958121273,
      "median": 45.49086746302331
    },
    "유통": {
      "count": 13,
      "mean": 38.98262673747955,
      "median": 36.692147238534865
    },
    "철강/화학": {
      "count": 31,
      "mean": 37.9126764992562,
      "median": 33.06907578551867
    },
    "유틸리티": {
      "count": 2,
      "mean": 83.61998192233816,
      "median": 83.61998192233816
    },
    "운송": {
      "count": 6,
      "mean": 61.79434487667747,
      "median": 60.60378098533465
    },
    "통신": {
      "count": 3,
      "mean": 41.49399488711501,
      "median": 39.681882585641326
    },
    "건설": {
      "count": 7,
      "mean": 40.306201107800376,
      "median": 48.79179498464537
    }
  },
  "quantiles": {
    "p10": 15.969957355805594,
    "p25": 25.806101296538387,
    "p50": 42.79549722580596,
    "p75": 53.56874955433946,
    "p90": 79.38267731764032
  },
  "drift_indicators": {
    "drift_detected": false,
    "reason": "전월 데이터 없음"
  }
}