{
  "month": "2025-10",
  "timestamp": "2025-10-14T14:41:38.511257",
  "sample_size": 116,
  "score_distribution": {
    "mean": 32.40184652931377,
    "median": 30.0,
    "stdev": 20.499271903600174,
    "min": 0.1,
    "max": 90.47465659282744,
    "count": 116
  },
  "recommendation_distribution": {
    "HOLD": 36,
    "SELL": 64,
    "STRONG_BUY": 11,
    "BUY": 5
  },
  "sector_distribution": {
    "전기전자": 16,
    "제약": 5,
    "기타": 19,
    "운송장비": 11,
    "금융": 30,
    "IT": 8,
    "유통": 2,
    "유틸리티": 2,
    "철강/화학": 16,
    "운송": 3,
    "통신": 3,
    "건설": 1
  },
  "sector_avg_scores": {
    "전기전자": {
      "count": 16,
      "mean": 21.764872809727365,
      "median": 22.317624733870275
    },
    "제약": {
      "count": 5,
      "mean": 20.392747011017846,
      "median": 16.813514229100065
    },
    "기타": {
      "count": 19,
      "mean": 35.68421052631579,
      "median": 34.0
    },
    "운송장비": {
      "count": 11,
      "mean": 33.430200928404076,
      "median": 25.023539820805535
    },
    "금융": {
      "count": 30,
      "mean": 35.37915044936148,
      "median": 33.18116260287635
    },
    "IT": {
      "count": 8,
      "mean": 30.655486552382467,
      "median": 30.535322544347316
    },
    "유통": {
      "count": 2,
      "mean": 29.405832022881246,
      "median": 29.405832022881246
    },
    "유틸리티": {
      "count": 2,
      "mean": 70.94858758949646,
      "median": 70.94858758949646
    },
    "철강/화학": {
      "count": 16,
      "mean": 27.491180890824456,
      "median": 22.554500125417036
    },
    "운송": {
      "count": 3,
      "mean": 67.97460143849376,
      "median": 67.61500454899127
    },
    "통신": {
      "count": 3,
      "mean": 32.295195273314484,
      "median": 27.606086081495917
    },
    "건설": {
      "count": 1,
      "mean": 14.684757663950275,
      "median": 14.684757663950275
    }
  },
  "quantiles": {
    "p10": 10.312581959628242,
    "p25": 19.128729947018208,
    "p50": 30.0,
    "p75": 40.59718927201554,
    "p90": 65.98966029883213
  },
  "drift_indicators": {
    "drift_detected": false,
    "reason": "전월 데이터 없음"
  }
}