{
  "month": "2025-10",
  "timestamp": "2025-10-14T15:41:34.178711",
  "sample_size": 201,
  "score_distribution": {
    "mean": 33.5315380504518,
    "median": 30.0,
    "stdev": 22.12676431514447,
    "min": 0.1,
    "max": 97.6127119064142,
    "count": 201
  },
  "recommendation_distribution": {
    "HOLD": 63,
    "SELL": 107,
    "STRONG_BUY": 19,
    "BUY": 12
  },
  "sector_distribution": {
    "전기전자": 25,
    "제약": 9,
    "기타": 33,
    "운송장비": 15,
    "IT": 11,
    "금융": 46,
    "유통": 13,
    "철강/화학": 31,
    "유틸리티": 2,
    "운송": 6,
    "통신": 3,
    "건설": 7
  },
  "sector_avg_scores": {
    "전기전자": {
      "count": 25,
      "mean": 21.718949340710658,
      "median": 19.150992737860143
    },
    "제약": {
      "count": 9,
      "mean": 19.827690766541043,
      "median": 16.780434140385882
    },
    "기타": {
      "count": 33,
      "mean": 34.84848484848485,
      "median": 34.0
    },
    "운송장비": {
      "count": 15,
      "mean": 36.70779799720163,
      "median": 30.662582642127415
    },
    "IT": {
      "count": 11,
      "mean": 35.28251111805974,
      "median": 31.677441847232213
    },
    "금융": {
      "count": 46,
      "mean": 41.03245603318107,
      "median": 35.37085556055828
    },
    "유통": {
      "count": 13,
      "mean": 30.609879233547595,
      "median": 28.4030971838729
    },
    "철강/화학": {
      "count": 31,
      "mean": 28.36956252990154,
      "median": 23.1
    },
    "유틸리티": {
      "count": 2,
      "mean": 70.95720480205219,
      "median": 70.95720480205219
    },
    "운송": {
      "count": 6,
      "mean": 51.43812378172181,
      "median": 48.10792531202722
    },
    "통신": {
      "count": 3,
      "mean": 32.294866801998495,
      "median": 27.561816143783357
    },
    "건설": {
      "count": 7,
      "mean": 31.055143825381208,
      "median": 38.44128375836406
    }
  },
  "quantiles": {
    "p10": 9.227716088779905,
    "p25": 19.415054550147868,
    "p50": 30.0,
    "p75": 41.17543043544417,
    "p90": 66.72475597765767
  },
  "drift_indicators": {
    "drift_detected": false,
    "reason": "전월 데이터 없음"
  }
}