{
  "month": "2025-10",
  "timestamp": "2025-10-12T14:05:42.422777",
  "sample_size": 14,
  "score_distribution": {
    "mean": 38.134337664143324,
    "median": 34.585643764471016,
    "stdev": 28.209252804315597,
    "min": 0.2,
    "max": 100.1872983175785,
    "count": 14
  },
  "recommendation_distribution": {
    "SELL": 12,
    "BUY": 1,
    "STRONG_BUY": 1
  },
  "sector_distribution": {
    "기술업": 4,
    "바이오/제약": 2,
    "운송장비": 5,
    "제조업": 1,
    "금융업": 2
  },
  "sector_avg_scores": {
    "기술업": {
      "count": 4,
      "mean": 39.42168303229174,
      "median": 46.96208460808627
    },
    "바이오/제약": {
      "count": 2,
      "mean": 26.52712508536133,
      "median": 26.52712508536133
    },
    "운송장비": {
      "count": 5,
      "mean": 48.303161560083524,
      "median": 30.79698157330619
    },
    "제조업": {
      "count": 1,
      "mean": 0.2,
      "median": 0.2
    },
    "금융업": {
      "count": 2,
      "mean": 40.71196859884962,
      "median": 40.71196859884962
    }
  },
  "quantiles": {
    "p10": 10.074695954961182,
    "p25": 15.87852894857669,
    "p50": 34.585643764471016,
    "p75": 47.698819789983375,
    "p90": 75.54760328366493
  },
  "drift_indicators": {
    "drift_detected": false,
    "reason": "전월 데이터 없음"
  }
}