{
  "month": "2025-10",
  "timestamp": "2025-10-13T09:47:02.882451",
  "sample_size": 171,
  "score_distribution": {
    "mean": 31.785531621983374,
    "median": 27.344847460962654,
    "stdev": 20.722317067503344,
    "min": 0.1,
    "max": 91.51842204734984,
    "count": 171
  },
  "recommendation_distribution": {
    "SELL": 152,
    "BUY": 6,
    "HOLD": 9,
    "STRONG_BUY": 4
  },
  "sector_distribution": {
    "전기전자": 25,
    "제약": 5,
    "운송장비": 12,
    "기타": 28,
    "IT": 10,
    "금융": 41,
    "유통": 12,
    "철강/화학": 26,
    "운송": 6,
    "통신": 3,
    "건설": 3
  },
  "sector_avg_scores": {
    "전기전자": {
      "count": 25,
      "mean": 22.40978491468579,
      "median": 19.150992737860143
    },
    "제약": {
      "count": 5,
      "mean": 16.546092195414957,
      "median": 13.723725416875855
    },
    "운송장비": {
      "count": 12,
      "mean": 32.53584001097161,
      "median": 24.52024613289408
    },
    "기타": {
      "count": 28,
      "mean": 35.964285714285715,
      "median": 34.0
    },
    "IT": {
      "count": 10,
      "mean": 27.302095364737895,
      "median": 26.33207678653447
    },
    "금융": {
      "count": 41,
      "mean": 39.45140577490251,
      "median": 35.20788941496768
    },
    "유통": {
      "count": 12,
      "mean": 30.1065483442379,
      "median": 24.364857570681053
    },
    "철강/화학": {
      "count": 26,
      "mean": 26.412588832288005,
      "median": 23.127215311348095
    },
    "운송": {
      "count": 6,
      "mean": 51.3543213535503,
      "median": 48.182570183617074
    },
    "통신": {
      "count": 3,
      "mean": 31.86437613303176,
      "median": 26.94203701580751
    },
    "건설": {
      "count": 3,
      "mean": 17.55573555805209,
      "median": 14.846941424048058
    }
  },
  "quantiles": {
    "p10": 9.227716088779905,
    "p25": 18.963454211299663,
    "p50": 27.344847460962654,
    "p75": 39.69799276544565,
    "p90": 65.65590292651837
  },
  "drift_indicators": {
    "drift_detected": false,
    "reason": "전월 데이터 없음"
  }
}