{
  "month": "2025-10",
  "timestamp": "2025-10-14T19:27:28.225328",
  "sample_size": 201,
  "score_distribution": {
    "mean": 44.00764272818638,
    "median": 42.28101478849331,
    "stdev": 24.689096633550275,
    "min": 2.9471034482758625,
    "max": 112.07575487895055,
    "count": 201
  },
  "recommendation_distribution": {
    "HOLD": 87,
    "BUY": 16,
    "SELL": 71,
    "STRONG_BUY": 27
  },
  "sector_distribution": {
    "전기전자": 25,
    "제약": 9,
    "기타": 33,
    "운송장비": 15,
    "IT": 11,
    "금융": 46,
    "유통": 13,
    "철강/화학": 31,
    "유틸리티": 2,
    "운송": 6,
    "통신": 3,
    "건설": 7
  },
  "sector_avg_scores": {
    "전기전자": {
      "count": 25,
      "mean": 32.01409458515709,
      "median": 31.39970689081821
    },
    "제약": {
      "count": 9,
      "mean": 27.40478204915602,
      "median": 24.428081282097303
    },
    "기타": {
      "count": 33,
      "mean": 46.31970938465052,
      "median": 47.194188399071926
    },
    "운송장비": {
      "count": 15,
      "mean": 49.53258414711272,
      "median": 43.491968920254294
    },
    "IT": {
      "count": 11,
      "mean": 46.72776437354152,
      "median": 45.51112364308089
    },
    "금융": {
      "count": 46,
      "mean": 51.689698518672635,
      "median": 46.79543198536578
    },
    "유통": {
      "count": 13,
      "mean": 39.03277172515427,
      "median": 36.60134186501748
    },
    "철강/화학": {
      "count": 31,
      "mean": 38.04451313219922,
      "median": 32.854692580480176
    },
    "유틸리티": {
      "count": 2,
      "mean": 84.51568417430074,
      "median": 84.51568417430074
    },
    "운송": {
      "count": 6,
      "mean": 62.10051213749407,
      "median": 60.848264637747036
    },
    "통신": {
      "count": 3,
      "mean": 41.510306727484554,
      "median": 39.794825171405186
    },
    "건설": {
      "count": 7,
      "mean": 40.328396077839194,
      "median": 48.94825385567162
    }
  },
  "quantiles": {
    "p10": 16.072712119874332,
    "p25": 25.826643995137204,
    "p50": 42.28101478849331,
    "p75": 53.872933549001594,
    "p90": 80.5819831821826
  },
  "drift_indicators": {
    "drift_detected": false,
    "reason": "전월 데이터 없음"
  }
}