{
  "month": "2025-10",
  "timestamp": "2025-10-13T19:14:00.842804",
  "sample_size": 201,
  "score_distribution": {
    "mean": 33.085334514710944,
    "median": 30.0,
    "stdev": 21.748557626097213,
    "min": 0.1,
    "max": 92.29286906749344,
    "count": 201
  },
  "recommendation_distribution": {
    "HOLD": 63,
    "SELL": 109,
    "STRONG_BUY": 19,
    "BUY": 10
  },
  "sector_distribution": {
    "전기전자": 26,
    "제약": 9,
    "운송장비": 15,
    "기타": 32,
    "IT": 11,
    "금융": 47,
    "유통": 13,
    "유틸리티": 2,
    "철강/화학": 30,
    "운송": 6,
    "통신": 3,
    "건설": 7
  },
  "sector_avg_scores": {
    "전기전자": {
      "count": 26,
      "mean": 21.384430760114213,
      "median": 18.205638748831227
    },
    "제약": {
      "count": 9,
      "mean": 19.78516723040686,
      "median": 16.723725416875855
    },
    "운송장비": {
      "count": 15,
      "mean": 36.791750183968176,
      "median": 30.313871897796858
    },
    "기타": {
      "count": 32,
      "mean": 35.3125,
      "median": 34.0
    },
    "IT": {
      "count": 11,
      "mean": 34.960140443835066,
      "median": 31.408840045887768
    },
    "금융": {
      "count": 47,
      "mean": 38.89998924531065,
      "median": 33.112504246665495
    },
    "유통": {
      "count": 13,
      "mean": 30.40713533529194,
      "median": 28.629195175569542
    },
    "유틸리티": {
      "count": 2,
      "mean": 72.30189330428172,
      "median": 72.30189330428172
    },
    "철강/화학": {
      "count": 30,
      "mean": 28.650947683669813,
      "median": 23.09414652827931
    },
    "운송": {
      "count": 6,
      "mean": 51.50082479768589,
      "median": 48.20816659510709
    },
    "통신": {
      "count": 3,
      "mean": 31.98276250225972,
      "median": 27.296196517507994
    },
    "건설": {
      "count": 7,
      "mean": 30.996432525516028,
      "median": 38.44128375836406
    }
  },
  "quantiles": {
    "p10": 9.498499402339197,
    "p25": 19.36768652205715,
    "p50": 30.0,
    "p75": 40.783443233724945,
    "p90": 66.0
  },
  "drift_indicators": {
    "drift_detected": false,
    "reason": "전월 데이터 없음"
  }
}